experiment,enzyme_id,regime,n_predictions,mean_cat_rmsd,std_cat_rmsd,mean_plddt_global,std_plddt_global,mean_plddt_cat,std_plddt_cat,mean_structural_variance,std_structural_variance
1ca2_motif_only,1ca2,motif_only,254,5.424088453888153,4.274766606033784,58.47311233595801,14.003229223286,56.20005249343832,16.272724961947105,3.218990919074368,2.703943018338549
1ca2_shell5,1ca2,shell5,500,3.0692238191562393,2.323443090580979,41.042144533333335,6.81397260169206,46.75358666666667,9.817930108573474,1.279891419145727,1.0069192420772612
1ca2_shell8,1ca2,shell8,500,2.6961866272370747,1.6944678476721828,30.149318795180722,2.9113977314740005,33.97232666666667,5.167676017937253,1.1963146549540393,0.7297748325733324
1ppf_motif_only,1ppf,motif_only,165,4.61945616488829,4.6552912082522475,65.49703555555556,14.857815528002366,61.325030303030296,13.889350961724777,3.5127101446977407,3.4739811125422477
1ppf_shell5,1ppf,shell5,500,7.004697225250959,2.5413884827712034,40.730118194444444,7.629816483540812,36.58364,6.528516737342199,1.812896282652375,0.9016801194004984
1ppf_shell8,1ppf,shell8,500,9.216526603243084,2.563611865173992,30.668915319148933,2.6310086651200963,30.731099999999998,3.243123875636456,2.176319960919314,0.9120404261507012
